"subject";"subject_lesson";"subject_page";"page_name";"status";"rgdt";"updt"
"0000";"00";"00";"HTML&CSS概要";"1";"2022-06-20 23:17:24";"2022-06-20 23:17:24"
"0000";"00";"01";"HTMLの基本";"1";"2022-06-20 23:17:24";"2022-06-20 23:17:24"
"0000";"00";"02";"HTMLタグ";"1";"2022-06-20 23:17:24";"2022-06-21 23:17:24"
"0000";"00";"03";"IDとクラス";"1";"2022-06-21 23:17:24";"2022-06-22 23:17:24"
"0000";"00";"04";"CSSの基本";"1";"2022-06-21 23:17:24";"2022-06-22 23:17:24"
"0000";"00";"05";"CSSプロパティ(基本編)";"1";"2022-06-22 23:17:24";"2022-06-23 23:17:24"
"0000";"00";"06";"CSSプロパティ(レイアウト編)";"1";"2022-06-23 23:17:24";"2022-06-24 23:17:24"
"0000";"00";"07";"displayとposition";"1";"2022-06-24 23:17:24";"2022-06-25 23:17:24"
"0000";"00";"08";"フレックスボックス";"1";"2022-06-25 23:17:24";"2022-06-26 23:17:24"
"0000";"00";"09";"CSSグリッド";"1";"2022-06-25 23:17:24";"2022-06-26 23:17:24"
"0000";"00";"10";"レスポンシブページ";"1";"2022-06-25 23:17:24";"2022-06-26 23:17:24"
"0000";"00";"11";"疑似クラス";"1";"2022-06-25 23:17:24";"2022-06-26 23:17:24"
"0000";"00";"12";"疑似要素";"1";"2022-06-25 23:17:24";"2022-06-26 23:17:24"
"0010";"00";"00";"JavaScript概要";"1";"2022-06-20 23:17:24";"2022-06-20 23:17:24"
"0010";"00";"01";"JavaScript基礎";"1";"2022-06-20 23:17:24";"2022-06-20 23:17:24"
"0010";"00";"02";"ドキュメント基本操作";"1";"2022-06-20 23:17:24";"2022-06-21 23:17:24"
"0010";"00";"03";"文法";"1";"2022-06-21 23:17:24";"2022-06-22 23:17:24"
"0010";"00";"04";"関数";"1";"2022-06-21 23:17:24";"2022-06-22 23:17:24"
"0010";"00";"05";"配列";"1";"2022-06-22 23:17:24";"2022-06-23 23:17:24"
"0010";"00";"06";"オブジェクト";"1";"2022-06-22 23:17:24";"2022-06-22 23:17:24"
"0010";"00";"07";"イベントリスナー";"1";"2022-06-23 23:17:24";"2022-06-24 23:17:24"
"0010";"00";"08";"ドキュメント操作";"1";"2022-06-23 23:17:24";"2022-06-23 23:17:24"
"0010";"00";"09";"数的な処理";"1";"2022-06-24 23:17:24";"2022-06-25 23:17:24"
"0010";"00";"10";"時間の処理";"1";"2022-06-25 23:17:24";"2022-06-26 23:17:24"
"0010";"00";"11";"ショートハンド";"1";"2022-06-25 23:17:24";"2022-06-25 23:17:24"
"0100";"00";"00";"PHP概要";"1";"2022-06-20 23:17:24";"2022-06-20 23:17:24"
"0100";"00";"01";"ユーザーフォーム";"1";"2022-06-20 23:17:24";"2022-06-20 23:17:24"
"0100";"00";"02";"PHPプログラミング基礎";"1";"2022-06-20 23:17:24";"2022-06-21 23:17:24"
"0100";"00";"03";"基本文法";"1";"2022-06-21 23:17:24";"2022-06-22 23:17:24"
"0100";"00";"04";"配列の操作";"1";"2022-06-21 23:17:24";"2022-06-22 23:17:24"
"0100";"00";"05";"関数";"1";"2022-06-22 23:17:24";"2022-06-23 23:17:24"
"0100";"00";"06";"関数の作成";"1";"2022-06-22 23:17:24";"2022-06-22 23:17:24"
"0100";"00";"07";"正規表現";"1";"2022-06-23 23:17:24";"2022-06-24 23:17:24"
"0100";"00";"08";"セッション管理";"1";"2022-06-23 23:17:24";"2022-06-23 23:17:24"
"0100";"00";"09";"データベース操作";"1";"2022-06-24 23:17:24";"2022-06-25 23:17:24"
"0100";"00";"10";"SQLの実行";"1";"2022-06-25 23:17:24";"2022-06-26 23:17:24"
"0100";"00";"11";"便利な機能";"1";"2022-06-25 23:17:24";"2022-06-25 23:17:24"
"0101";"00";"00";"Ruby概要・環境構築";"1";"2022-06-20 23:17:24";"2022-06-20 23:17:24"
"0101";"00";"01";"Rubyプログラミング基礎";"1";"2022-06-20 23:17:24";"2022-06-20 23:17:24"
"0101";"00";"02";"データ型と演算";"1";"2022-06-20 23:17:24";"2022-06-21 23:17:24"
"0101";"00";"03";"制御構文";"1";"2022-06-21 23:17:24";"2022-06-22 23:17:24"
"0101";"00";"04";"配列・ハッシュ";"1";"2022-06-21 23:17:24";"2022-06-22 23:17:24"
"0101";"00";"05";"メソッド";"1";"2022-06-22 23:17:24";"2022-06-23 23:17:24"
"0101";"00";"06";"オブジェクト指向";"1";"2022-06-23 23:17:24";"2022-06-24 23:17:24"
"0103";"00";"00";"Python概要";"1";"2022-09-23 16:32:59";"2022-09-23 16:32:59"
"0103";"00";"01";"Pythonプログラミング基礎";"1";"2022-09-23 16:32:59";"2022-09-23 16:32:59"
"0103";"00";"02";"変数と演算";"1";"2022-09-23 16:33:00";"2022-09-23 16:33:00"
"0103";"00";"03";"構造化言語の基礎";"1";"2022-09-23 16:33:00";"2022-09-23 16:33:00"
"0103";"00";"04";"関数";"1";"2022-09-23 16:33:00";"2022-09-23 16:33:00"
"0103";"00";"05";"リスト";"1";"2022-09-23 16:33:00";"2022-09-23 16:33:00"
"0103";"00";"06";"辞書型";"1";"2022-09-23 16:33:00";"2022-09-23 16:33:00"
"0103";"00";"07";"オブジェクト指向";"1";"2022-09-23 16:33:00";"2022-09-23 16:33:00"
"0103";"00";"08";"pip";"1";"2022-09-23 16:33:00";"2022-09-23 16:33:00"
"0103";"03";"00";"FastAPI概要";"1";"2022-09-23 19:58:25";"2022-09-23 19:58:25"
"0103";"03";"01";"HTTP通信";"1";"2022-09-24 14:06:22";"2022-09-24 14:06:22"
"0103";"03";"02";"WSGIとASGI";"1";"2022-09-24 15:58:45";"2022-09-24 15:58:45"
"0103";"03";"03";"開発者モード";"1";"2022-09-25 13:15:41";"2022-09-25 13:15:41"
"0103";"03";"04";"FastAPIコードの雛形";"1";"2022-09-24 19:18:04";"2022-09-24 19:18:04"
"0103";"03";"05";"リクエストデータの処理";"1";"2022-09-24 21:44:13";"2022-09-24 21:44:13"
"0103";"03";"06";"リクエストヘッダの処理";"1";"2022-09-25 14:16:15";"2022-09-25 14:16:15"
"0103";"03";"07";"クッキーの操作";"1";"2022-09-25 14:38:18";"2022-09-25 14:38:18"
"0103";"03";"08";"レスポンスデータの処理";"1";"2022-09-25 16:39:31";"2022-09-25 16:39:31"
"0103";"03";"09";"例外処理";"1";"2022-09-25 22:02:11";"2022-09-25 22:02:11"
"0103";"11";"00";"tkinter概要";"1";"2022-09-23 19:03:39";"2022-09-23 19:03:39"
"0103";"11";"01";"ウィジェットの配置";"1";"2022-09-23 19:03:39";"2022-09-23 19:03:39"
"0103";"11";"02";"ウィジェット";"1";"2022-09-23 19:03:39";"2022-09-23 19:03:39"
"0103";"11";"03";"イベントハンドリング";"1";"2022-09-23 19:03:39";"2022-09-23 19:03:39"
"0103";"12";"00";"データベース処理";"1";"2022-09-25 19:02:30";"2022-09-25 19:02:30"
"0103";"12";"01";"MySQL";"1";"2022-09-25 19:02:30";"2022-09-25 19:02:30"
"0103";"12";"02";"PostgreSQL";"1";"2022-09-25 19:02:30";"2022-09-25 19:02:30"
"0103";"12";"03";"SQLite";"1";"2022-09-25 19:02:30";"2022-09-25 19:02:30"
"0103";"12";"04";"MongoDB";"1";"2022-09-25 19:02:30";"2022-09-25 19:02:30"
"0103";"13";"00";"PyScript概要";"1";"2022-09-28 21:45:24";"2022-09-28 21:45:24"
"0199";"00";"00";"データベース";"1";"2022-06-20 23:17:24";"2022-06-20 23:17:24"
"0199";"00";"01";"MySQL基本操作";"1";"2022-06-20 23:17:24";"2022-06-20 23:17:24"
"0199";"00";"02";"SQL基礎";"1";"2022-06-20 23:17:24";"2022-06-21 23:17:24"
"0199";"00";"03";"データ定義言語";"1";"2022-06-21 23:17:24";"2022-06-22 23:17:24"
"0199";"00";"04";"データ操作言語";"1";"2022-06-21 23:17:24";"2022-06-22 23:17:24"
"0199";"00";"05";"条件による行の絞り込み";"1";"2022-06-22 23:17:24";"2022-06-23 23:17:24"
"0199";"00";"06";"検索結果の加工";"1";"2022-06-23 23:17:24";"2022-06-24 23:17:24"
"0199";"00";"07";"式と関数";"1";"2022-06-24 23:17:24";"2022-06-25 23:17:24"
"0199";"00";"08";"グループ化";"1";"2022-06-25 23:17:24";"2022-06-26 23:17:24"
"0199";"00";"09";"副問合せ";"1";"2022-06-25 23:17:24";"2022-06-26 23:17:24"
"0199";"00";"10";"インポート・エクスポート";"1";"2022-06-25 23:17:24";"2022-06-26 23:17:24"
"0199";"00";"11";"テーブルの論理構造";"1";"2022-06-25 23:17:24";"2022-06-26 23:17:24"
"0199";"00";"12";"テーブルの結合";"1";"2022-06-25 23:17:24";"2022-06-26 23:17:24"
"0199";"00";"13";"トランザクション";"1";"2022-06-26 23:17:24";"2022-06-27 23:17:24"
"0199";"00";"14";"インデックス・ビュー";"1";"2022-06-27 23:17:24";"2022-06-28 23:17:24"
"0199";"00";"15";"データ制御言語";"1";"2022-06-28 23:17:24";"2022-06-29 23:17:24"
"0200";"00";"00";"環境構築";"1";"2022-06-20 23:17:24";"2022-06-20 23:17:24"
"0200";"00";"01";"C言語基礎";"1";"2022-06-20 23:17:24";"2022-06-20 23:17:24"
"0200";"00";"02";"データの型";"1";"2022-06-20 23:17:24";"2022-06-21 23:17:24"
"0200";"00";"03";"演算と式・文";"1";"2022-06-21 23:17:24";"2022-06-22 23:17:24"
"0200";"00";"04";"構造化言語";"1";"2022-06-21 23:17:24";"2022-06-22 23:17:24"
"0200";"00";"05";"配列";"1";"2022-06-22 23:17:24";"2022-06-23 23:17:24"
"0200";"00";"06";"関数";"1";"2022-06-22 23:17:24";"2022-06-22 23:17:24"
"0200";"00";"07";"数字型・文字列型";"1";"2022-06-23 23:17:24";"2022-06-24 23:17:24"
"0200";"00";"08";"マクロ";"1";"2022-06-23 23:17:24";"2022-06-23 23:17:24"
"0200";"00";"09";"ポインタ";"1";"2022-06-24 23:17:24";"2022-06-25 23:17:24"
"0200";"00";"10";"列挙体";"1";"2022-06-25 23:17:24";"2022-06-26 23:17:24"
"0200";"00";"11";"構造体";"1";"2022-06-25 23:17:24";"2022-06-25 23:17:24"
"0200";"00";"12";"ファイル操作";"1";"2022-06-25 23:17:24";"2022-06-25 23:17:24"
"0202";"00";"00";"Java概要・環境構築";"1";"2022-06-20 23:17:24";"2022-06-20 23:17:24"
"0202";"00";"01";"Javaプログラミング基礎";"1";"2022-06-20 23:17:24";"2022-06-20 23:17:24"
"0202";"00";"02";"変数・データ型と演算";"1";"2022-06-20 23:17:24";"2022-06-21 23:17:24"
"0202";"00";"03";"制御構文";"1";"2022-06-21 23:17:24";"2022-06-22 23:17:24"
"0202";"00";"04";"配列";"1";"2022-06-21 23:17:24";"2022-06-22 23:17:24"
"0202";"00";"05";"メソッド";"1";"2022-06-22 23:17:24";"2022-06-23 23:17:24"
"0202";"00";"06";"オブジェクト指向";"1";"2022-06-23 23:17:24";"2022-06-24 23:17:24"
"0202";"00";"07";"オブジェクト指向(応用)";"1";"2022-06-24 23:17:24";"2022-06-25 23:17:24"
"0202";"00";"08";"クラス変数・クラスメソッド";"1";"2022-06-25 23:17:24";"2022-06-26 23:17:24"
"0202";"00";"09";"ファイル操作";"1";"2022-06-25 23:17:24";"2022-06-26 23:17:24"
"0202";"00";"10";"ショートハンド";"1";"2022-06-25 23:17:24";"2022-06-26 23:17:24"
"0220";"00";"00";"Rust概要";"1";"2022-06-20 23:17:24";"2022-06-20 23:17:24"
"0220";"00";"01";"Rustプログラミング基礎";"1";"2022-06-20 23:17:24";"2022-06-20 23:17:24"
"0220";"00";"02";"データ型と演算";"1";"2022-06-20 23:17:24";"2022-06-21 23:17:24"
"0220";"00";"03";"配列・ベクタ・スライス";"1";"2022-06-21 23:17:24";"2022-06-22 23:17:24"
"0220";"00";"04";"フロー制御";"1";"2022-06-21 23:17:24";"2022-06-22 23:17:24"
"0220";"00";"05";"関数";"1";"2022-06-22 23:17:24";"2022-06-23 23:17:24"
"0220";"00";"06";"構造体";"1";"2022-06-23 23:17:24";"2022-06-24 23:17:24"
"0220";"00";"07";"列挙型";"1";"2022-06-24 23:17:24";"2022-06-25 23:17:24"
"0220";"00";"08";"エラーハンドリング";"1";"2022-06-25 23:17:24";"2022-06-26 23:17:24"
"0220";"00";"09";"所有権";"1";"2022-06-25 23:17:24";"2022-06-26 23:17:24"
"0220";"00";"10";"クレート";"1";"2022-06-25 23:17:24";"2022-06-26 23:17:24"
"0220";"06";"00";"基本形";"1";"2022-09-21 20:26:57";"2022-09-21 20:26:57"
"0220";"06";"01";"numクレート";"1";"2022-09-21 20:26:57";"2022-09-21 20:26:57"
"0220";"06";"02";"randクレート";"1";"2022-09-21 20:26:57";"2022-09-21 20:26:57"
"0220";"06";"03";"ndarrayクレート";"1";"2022-09-21 20:26:57";"2022-09-21 20:26:57"
"0220";"06";"04";"rugクレート";"1";"2022-09-21 20:26:57";"2022-09-21 20:26:57"
"0221";"00";"00";"Go概要・環境構築";"1";"2022-06-20 23:17:24";"2022-06-20 23:17:24"
"0221";"00";"01";"Goプログラミング基礎";"1";"2022-06-20 23:17:24";"2022-06-20 23:17:24"
"0221";"00";"02";"Go基本文法";"1";"2022-06-20 23:17:24";"2022-06-21 23:17:24"
"0221";"00";"03";"処理の制御";"1";"2022-06-21 23:17:24";"2022-06-22 23:17:24"
"0221";"00";"04";"配列・スライス・マップ";"1";"2022-06-21 23:17:24";"2022-06-22 23:17:24"
"0221";"00";"05";"関数";"1";"2022-06-22 23:17:24";"2022-06-23 23:17:24"
"0221";"00";"06";"ポインタ";"1";"2022-06-22 23:17:24";"2022-06-22 23:17:24"
"0221";"00";"07";"構造体";"1";"2022-06-23 23:17:24";"2022-06-24 23:17:24"
"0221";"00";"08";"インターフェース";"1";"2022-06-23 23:17:24";"2022-06-23 23:17:24"
"0221";"00";"09";"マルチスレッド処理";"1";"2022-06-24 23:17:24";"2022-06-25 23:17:24"
"0221";"00";"10";"ファイル操作";"1";"2022-06-25 23:17:24";"2022-06-26 23:17:24"
"0250";"00";"00";"VB.NET概要";"1";"2022-06-20 23:17:24";"2022-06-20 23:17:24"
"0250";"00";"01";"フォーム";"1";"2022-06-20 23:17:24";"2022-06-20 23:17:24"
"0250";"00";"02";"オブジェクト指向";"1";"2022-06-20 23:17:24";"2022-06-21 23:17:24"
"0250";"00";"03";"VB.NETプログラミング基礎";"1";"2022-06-21 23:17:24";"2022-06-22 23:17:24"
"0250";"00";"04";"プロシージャ";"1";"2022-06-21 23:17:24";"2022-06-22 23:17:24"
"0250";"00";"05";"制御構文";"1";"2022-06-22 23:17:24";"2022-06-23 23:17:24"
"0250";"00";"06";"配列";"1";"2022-06-23 23:17:24";"2022-06-24 23:17:24"
"0250";"00";"07";"エラーハンドリング";"1";"2022-06-24 23:17:24";"2022-06-25 23:17:24"
"0250";"00";"08";"クラス";"1";"2022-06-25 23:17:24";"2022-06-26 23:17:24"
"0250";"00";"09";"クラスの応用";"1";"2022-06-25 23:17:24";"2022-06-26 23:17:24"
"0250";"00";"10";"コレクション";"1";"2022-06-25 23:17:24";"2022-06-26 23:17:24"
"0250";"00";"11";"ファイル操作";"1";"2022-06-25 23:17:24";"2022-06-26 23:17:24"
"0250";"01";"00";"オブジェクト指向(復習)";"1";"2022-06-20 23:17:24";"2022-06-20 23:17:24"
"0250";"01";"01";"変数とデータ型";"1";"2022-06-20 23:17:24";"2022-06-20 23:17:24"
"0250";"01";"02";"列挙型とオブジェクト型";"1";"2022-06-20 23:17:24";"2022-06-21 23:17:24"
"0250";"01";"03";"演算";"1";"2022-06-21 23:17:24";"2022-06-22 23:17:24"
"0250";"01";"04";"日付と時刻";"1";"2022-06-21 23:17:24";"2022-06-22 23:17:24"
"0250";"01";"05";"配列とコレクション";"1";"2022-06-22 23:17:24";"2022-06-23 23:17:24"
"0250";"01";"06";"文字列処理";"1";"2022-06-23 23:17:24";"2022-06-24 23:17:24"
"0250";"01";"07";"エラーハンドリング";"1";"2022-06-24 23:17:24";"2022-06-25 23:17:24"
"0250";"01";"08";"ファイル操作";"1";"2022-06-25 23:17:24";"2022-06-26 23:17:24"
"0250";"01";"09";"データベース処理";"1";"2022-06-25 23:17:24";"2022-06-26 23:17:24"
"0250";"01";"10";"ネットワーク処理";"1";"2022-06-25 23:17:24";"2022-06-26 23:17:24"
"0251";"00";"00";"インデックス";"1";"2022-06-20 23:17:24";"2022-06-20 23:17:24"
"0251";"00";"01";"C#基礎";"1";"2022-06-20 23:17:24";"2022-06-20 23:17:24"
"0251";"00";"02";"データ型と演算";"1";"2022-06-20 23:17:24";"2022-06-21 23:17:24"
"0251";"00";"03";"制御構文";"1";"2022-06-21 23:17:24";"2022-06-22 23:17:24"
"0251";"00";"04";"数値と日付の操作";"1";"2022-06-21 23:17:24";"2022-06-22 23:17:24"
"0251";"00";"05";"文字列の操作";"1";"2022-06-22 23:17:24";"2022-06-23 23:17:24"
"0251";"00";"06";"配列とコレクション";"1";"2022-06-23 23:17:24";"2022-06-24 23:17:24"
"0251";"00";"07";"オブジェクト指向";"1";"2022-06-24 23:17:24";"2022-06-25 23:17:24"
"0251";"00";"08";"クラス基礎";"1";"2022-06-25 23:17:24";"2022-06-26 23:17:24"
"0251";"00";"09";"クラス応用";"1";"2022-06-25 23:17:24";"2022-06-25 23:17:24"
"0251";"00";"10";"ファイル操作";"1";"2022-06-25 23:17:24";"2022-06-25 23:17:24"
"0251";"00";"11";"例外処理";"1";"2022-06-25 23:17:24";"2022-06-25 23:17:24"
"0251";"01";"00";"フォームアプリ";"1";"2022-06-20 23:17:24";"2022-06-20 23:17:24"
"0251";"01";"01";"ツール";"1";"2022-06-20 23:17:24";"2022-06-20 23:17:24"
"0251";"01";"02";"イベント";"1";"2022-06-20 23:17:24";"2022-06-21 23:17:24"
"0251";"02";"00";"プログラム実行環境";"1";"2022-06-20 23:17:24";"2022-06-20 23:17:24"
"0251";"02";"01";"コンパイル制御";"1";"2022-06-20 23:17:24";"2022-06-20 23:17:24"
"0251";"02";"02";"名前空間";"1";"2022-06-20 23:17:24";"2022-06-21 23:17:24"
"0251";"02";"03";"数値と日付の操作";"1";"2022-06-21 23:17:24";"2022-06-22 23:17:24"
"0251";"02";"04";"文字列の操作";"1";"2022-06-21 23:17:24";"2022-06-22 23:17:24"
"0251";"02";"05";"クラス";"1";"2022-06-22 23:17:24";"2022-06-23 23:17:24"
"0251";"02";"07";"ラムダ式";"1";"2022-06-24 23:17:24";"2022-06-25 23:17:24"
"0251";"02";"08";"LINQ";"1";"2022-06-25 23:17:24";"2022-06-26 23:17:24"
"0251";"02";"09";"ファイル操作";"1";"2022-06-25 23:17:24";"2022-06-25 23:17:24"
"0251";"02";"10";"スレッドの基本処理";"1";"2022-06-25 23:17:24";"2022-06-25 23:17:24"
"0251";"03";"00";"webサーバの仕組み";"1";"2022-06-20 23:17:24";"2022-06-20 23:17:24"
"0251";"03";"01";"TcpListener";"1";"2022-06-20 23:17:24";"2022-06-20 23:17:24"
"0251";"03";"02";"HttpListener";"1";"2022-06-20 23:17:24";"2022-06-21 23:17:24"
"0251";"03";"03";"HTTPS通信化";"1";"2022-06-21 23:17:24";"2022-06-22 23:17:24"
"0251";"03";"04";"非同期処理";"1";"2022-06-21 23:17:24";"2022-06-22 23:17:24"
"0251";"04";"00";"データベース操作";"1";"2022-06-20 23:17:24";"2022-06-20 23:17:24"
"0251";"04";"01";"データベース接続";"1";"2022-06-20 23:17:24";"2022-06-20 23:17:24"
"0251";"04";"02";"SQLの実行";"1";"2022-06-20 23:17:24";"2022-06-21 23:17:24"
"0251";"04";"03";"トランザクション";"1";"2022-06-21 23:17:24";"2022-06-22 23:17:24"
"0251";"05";"00";"HTTPクライアント";"1";"2022-06-20 23:17:24";"2022-06-20 23:17:24"
"0251";"05";"01";"認証";"1";"2022-06-20 23:17:24";"2022-06-20 23:17:24"
"0251";"06";"00";"ソリューションとプロジェクト";"1";"2022-06-20 23:17:24";"2022-06-20 23:17:24"
"0251";"06";"01";"プロジェクト設定";"1";"2022-06-20 23:17:24";"2022-06-20 23:17:24"
"0251";"06";"02";"外部パッケージの使用";"1";"2022-06-20 23:17:24";"2022-06-20 23:17:24"
"0251";"06";"03";"プログラム要素の構成";"1";"2022-06-20 23:17:24";"2022-06-20 23:17:24"
"0251";"06";"04";"実際に作ってみよう♪(part1)";"1";"2022-06-20 23:17:24";"2022-06-20 23:17:24"
"0251";"07";"00";"Roslynとは";"1";"2022-06-20 23:17:24";"2022-06-20 23:17:24"
"0251";"07";"01";"コンパイル工程";"1";"2022-06-20 23:17:24";"2022-06-20 23:17:24"
"0251";"07";"02";"トークン・ノード・シンボル";"1";"2022-06-20 23:17:24";"2022-06-20 23:17:24"
"0251";"07";"03";"構文解析の手順";"1";"2022-06-20 23:17:24";"2022-06-20 23:17:24"
"0251";"07";"04";"構文ツリーの探索";"1";"2022-06-20 23:17:24";"2022-06-20 23:17:24"
"0251";"07";"05";"構文ノード";"1";"2022-06-20 23:17:24";"2022-06-20 23:17:24"
"0251";"07";"06";"SemanticModel";"1";"2022-06-20 23:17:24";"2022-06-20 23:17:24"
"0251";"07";"07";"セマンティックモデルの活用";"1";"2022-06-20 23:17:24";"2022-06-20 23:17:24"
"0300";"00";"00";"Haskell概要・環境構築";"1";"2022-06-20 23:17:24";"2022-06-20 23:17:24"
"0300";"00";"01";"Haskell基礎";"1";"2022-06-20 23:17:24";"2022-06-20 23:17:24"
"0300";"00";"02";"データ型と演算";"1";"2022-06-20 23:17:24";"2022-06-21 23:17:24"
"0300";"00";"03";"リストとタプル";"1";"2022-06-21 23:17:24";"2022-06-22 23:17:24"
"0300";"00";"04";"文法";"1";"2022-06-21 23:17:24";"2022-06-22 23:17:24"
"0300";"00";"05";"関数";"1";"2022-06-22 23:17:24";"2022-06-23 23:17:24"
"0300";"00";"06";"高階関数";"1";"2022-06-22 23:17:24";"2022-06-22 23:17:24"
"0300";"00";"07";"関数合成と演算子定義";"1";"2022-06-23 23:17:24";"2022-06-24 23:17:24"
"0300";"00";"08";"型クラス";"1";"2022-06-23 23:17:24";"2022-06-23 23:17:24"
"0300";"00";"09";"モナド";"1";"2022-06-24 23:17:24";"2022-06-25 23:17:24"
"0301";"00";"00";"Ocaml概要・環境構築";"1";"2022-06-20 23:17:24";"2022-06-20 23:17:24"
"0301";"00";"01";"Ocaml基礎";"1";"2022-06-20 23:17:24";"2022-06-20 23:17:24"
"0301";"00";"02";"データ型と演算";"1";"2022-06-20 23:17:24";"2022-06-21 23:17:24"
"0301";"00";"03";"複雑なデータ型";"1";"2022-06-21 23:17:24";"2022-06-22 23:17:24"
"0301";"00";"04";"文法";"1";"2022-06-21 23:17:24";"2022-06-22 23:17:24"
"0301";"00";"05";"関数";"1";"2022-06-22 23:17:24";"2022-06-23 23:17:24"
"0301";"00";"06";"高階関数";"1";"2022-06-22 23:17:24";"2022-06-22 23:17:24"
"0301";"00";"07";"関数合成と演算子定義";"1";"2022-06-23 23:17:24";"2022-06-24 23:17:24"
"0710";"00";"00";"Linux概要";"1";"2022-10-01 20:08:25";"2022-10-01 20:08:25"
"0710";"00";"01";"コマンド操作基礎";"1";"2022-10-01 20:08:25";"2022-10-01 20:08:25"
"0710";"00";"02";"ディレクトリ管理";"1";"2022-10-01 20:08:25";"2022-10-01 20:08:25"
"0710";"00";"03";"Vim";"1";"2022-10-01 20:08:25";"2022-10-01 20:08:25"
"0710";"00";"04";"パーミション";"1";"2022-10-01 20:08:25";"2022-10-01 20:08:25"
"4001";"00";"00";"IIS概要";"1";"2022-10-05 19:33:13";"2022-10-05 19:33:13"
"4001";"00";"01";"IIS基本設計";"1";"2022-10-05 20:17:26";"2022-10-05 20:17:26"
"4002";"00";"00";"ASP.NET概要";"1";"2022-10-05 22:22:18";"2022-10-05 22:22:18"
"4002";"02";"00";"Razor概要";"1";"2022-10-06 18:40:09";"2022-10-06 18:40:09"
"4002";"03";"00";"MinimalAPI概要";"1";"2022-10-06 18:42:44";"2022-10-06 18:42:44"
"4002";"03";"01";"HTTP通信";"1";"2022-10-07 22:21:52";"2022-10-07 22:21:52"
"4002";"03";"02";"Swagger";"1";"2022-10-08 00:30:05";"2022-10-08 00:30:05"
"4002";"03";"03";"MinimalAPIの雛形";"1";"2022-10-08 00:30:44";"2022-10-08 00:30:44"
"4002";"03";"04";"マップハンドラー";"1";"2022-10-08 00:31:31";"2022-10-08 00:31:31"
"4002";"03";"05";"バインド";"1";"2022-10-08 12:24:02";"2022-10-08 12:24:02"
"4012";"00";"00";"Docker概要";"1";"2022-09-23 20:32:47";"2022-09-23 20:32:47"
"4012";"00";"01";"Dockerコマンド基礎";"1";"2022-09-23 22:01:28";"2022-09-23 22:01:28"
"4012";"00";"02";"コンテナ操作基礎";"1";"2022-09-23 22:35:58";"2022-09-23 22:35:58"
"4012";"00";"03";"イメージ操作基礎";"1";"2022-09-23 23:23:11";"2022-09-23 23:23:11"
"4012";"00";"04";"ボリューム操作基礎";"1";"2022-09-23 23:23:11";"2022-09-23 23:23:11"
"4012";"00";"05";"ネットワーク操作基礎";"1";"2022-09-23 23:23:11";"2022-09-23 23:23:11"
"4014";"00";"00";"Nginx概要";"1";"2022-09-26 12:13:36";"2022-09-26 12:13:36"
"4014";"00";"01";"構成ファイル";"1";"2022-09-26 17:33:42";"2022-09-26 17:33:42"
"4014";"00";"02";"HTTPサーバに関する設定";"1";"2022-09-26 19:42:37";"2022-09-26 19:42:37"
"4014";"00";"03";"TLS通信";"1";"2022-09-26 20:13:29";"2022-09-26 20:13:29"
"4014";"00";"04";"ログ出力";"1";"2022-09-26 20:13:29";"2022-09-26 20:13:29"
"4014";"00";"05";"静的WEBサーバ構築";"1";"2022-09-26 20:13:29";"2022-09-26 20:13:29"
"4014";"00";"06";"リバースプロキシ構築";"1";"2022-09-26 20:13:29";"2022-09-26 20:13:29"
"9908";"00";"00";"インデックス";"1";"2022-06-20 23:17:24";"2022-06-20 23:17:24"
"9908";"00";"01";"データベース基礎";"1";"2022-06-20 23:17:24";"2022-06-20 23:17:24"
"9908";"00";"02";"SQL基礎";"1";"2022-06-20 23:17:24";"2022-06-21 23:17:24"
"9908";"00";"03";"テーブルの結合";"1";"2022-06-21 23:17:24";"2022-06-22 23:17:24"
"9908";"00";"04";"セキュリティ";"1";"2022-06-21 23:17:24";"2022-06-22 23:17:24"
"9908";"00";"05";"データベースの設計";"1";"2022-06-22 23:17:24";"2022-06-23 23:17:24"
"9908";"00";"06";"正規化";"1";"2022-06-23 23:17:24";"2022-06-24 23:17:24"
"9908";"00";"07";"トランザクション";"1";"2022-06-24 23:17:24";"2022-06-25 23:17:24"
"9908";"00";"08";"パフォーマンス";"1";"2022-06-25 23:17:24";"2022-06-26 23:17:24"
"9912";"00";"00";"インデックス";"1";"2022-06-20 23:17:24";"2022-06-21 23:17:24"
"9912";"00";"01";"情報セキュリティ";"1";"2022-06-21 23:17:24";"2022-06-22 23:17:24"
"9912";"00";"02";"脅威と脆弱性";"1";"2022-06-22 23:17:24";"2022-06-23 23:17:24"
"9912";"00";"03";"不正のメカニズム";"1";"2022-06-23 23:17:24";"2022-06-24 23:17:24"
"9912";"00";"04";"攻撃者の種類";"1";"2022-06-24 23:17:24";"2022-06-25 23:17:24"
"9912";"00";"05";"パスワードクラック";"1";"2022-06-25 23:17:24";"2022-06-26 23:17:24"
"9912";"00";"06";"webアプリに対する攻撃";"1";"2022-06-26 23:17:24";"2022-06-27 23:17:24"
"9912";"00";"07";"エージェント型攻撃";"1";"2022-06-27 23:17:24";"2022-06-28 23:17:24"
"9912";"00";"08";"サービス不能型攻撃";"1";"2022-06-28 23:17:24";"2022-06-29 23:17:24"
"9912";"00";"09";"論理的クラッキング";"1";"2022-06-29 23:17:24";"2022-06-30 23:17:24"
"9912";"00";"10";"攻撃の準備";"1";"2022-06-30 23:17:24";"2022-07-01 23:17:24"
"9912";"00";"11";"暗号技術";"1";"2022-07-01 23:17:24";"2022-07-02 23:17:24"
"9912";"00";"12";"認証";"1";"2022-07-02 23:17:24";"2022-07-03 23:17:24"
"9912";"00";"13";"認証技術";"1";"2022-07-03 23:17:24";"2022-07-04 23:17:24"
"9912";"00";"14";"公開鍵基盤";"1";"2022-07-04 23:17:24";"2022-07-05 23:17:24"
"9912";"00";"15";"情報セキュリティ管理";"1";"2022-07-05 23:17:24";"2022-07-06 23:17:24"
"9912";"00";"16";"リスク";"1";"2022-07-06 23:17:24";"2022-07-07 23:17:24"
"9912";"00";"17";"情報セキュリティ継続";"1";"2022-07-07 23:17:24";"2022-07-08 23:17:24"
"9912";"00";"18";"ISMS";"1";"2022-07-08 23:17:24";"2022-07-09 23:17:24"
"9912";"00";"19";"セキュリティ技術評価";"1";"2022-07-09 23:17:24";"2022-07-10 23:17:24"
"9912";"00";"20";"情報セキュリティ対策";"1";"2022-07-10 23:17:24";"2022-07-11 23:17:24"
"9912";"00";"21";"セキュアプロトコル";"1";"2022-07-11 23:17:24";"2022-07-12 23:17:24"
"9912";"00";"22";"認証プロトコル";"1";"2022-07-12 23:17:24";"2022-07-13 23:17:24"
"9912";"00";"23";"OSのセキュリティ";"1";"2022-07-13 23:17:24";"2022-07-14 23:17:24"
"9912";"00";"24";"アプリケーションセキュリティ";"1";"2022-07-14 23:17:24";"2022-07-15 23:17:24"
"9912";"00";"25";"安全な技術";"1";"2022-07-15 23:17:24";"2022-07-16 23:17:24"
"9912";"00";"26";"ネットワーク基礎";"1";"2022-07-16 23:17:24";"2022-07-17 23:17:24"
"9912";"00";"27";"OSI基本参照モデル";"1";"2022-07-17 23:17:24";"2022-07-18 23:17:24"
"9912";"00";"28";"ファイアウォール";"1";"2022-07-18 23:17:24";"2022-07-19 23:17:24"
"9912";"00";"29";"IDS・IPS・WAF";"1";"2022-07-19 23:17:24";"2022-07-20 23:17:24"
"9912";"00";"30";"データ通信と制御";"1";"2022-07-20 23:17:24";"2022-07-21 23:17:24"
"9912";"00";"31";"通信プロトコル";"1";"2022-07-21 23:17:24";"2022-07-22 23:17:24"
"9912";"00";"32";"ネットワーク管理";"1";"2022-07-22 23:17:24";"2022-07-23 23:17:24"
"9912";"00";"33";"ネットワークセキュリティ";"1";"2022-07-23 23:17:24";"2022-07-24 23:17:24"
"9912";"00";"34";"データベース";"1";"2022-07-24 23:17:24";"2022-07-25 23:17:24"
"9912";"00";"35";"データベース設計";"1";"2022-07-25 23:17:24";"2022-07-26 23:17:24"
"9912";"00";"36";"データベース操作";"1";"2022-07-26 23:17:24";"2022-07-27 23:17:24"
"9912";"00";"37";"データベース管理";"1";"2022-07-27 23:17:24";"2022-07-28 23:17:24"
"9912";"00";"38";"システム開発";"1";"2022-07-28 23:17:24";"2022-07-29 23:17:24"
"9912";"00";"39";"開発プロセス・手法";"1";"2022-07-29 23:17:24";"2022-07-30 23:17:24"
"9912";"00";"40";"サービスマネジメント";"1";"2022-07-30 23:17:24";"2022-07-31 23:17:24"
"9912";"00";"41";"システム監査";"1";"2022-07-31 23:17:24";"2022-08-01 23:17:24"
"9912";"00";"42";"補足";"1";"2022-08-01 23:17:24";"2022-08-02 23:17:24"
